shortname,longname,icon
unknown,Unknown Game,unknown.gif
1602ad,1602 A.D.,http://media.xfire.com/xfire/xf/images/icons/1602ad.gif
1701ad,1701 A.D,http://media.xfire.com/xfire/xf/images/icons/1701ad.gif
18wosaa,18 Wheels of Steel Across America,http://media.xfire.com/xfire/xf/images/icons/18wosaa.gif
18wosc,18 Wheels of Steel Convoy,http://media.xfire.com/xfire/xf/images/icons/18wosc.gif
pttm,18 Wheels of Steel Pedal to the Metal,http://media.xfire.com/xfire/xf/images/icons/pttm.gif
fifawc06,2006 FIFA World Cup,http://media.xfire.com/xfire/xf/images/icons/fifawc06.gif
25tolife,25 to Life,http://media.xfire.com/xfire/xf/images/icons/25tolife.gif
4x4evo2,4x4 Evo2,http://media.xfire.com/xfire/xf/images/icons/4x4evo2.gif
4x4evo,4x4 Evolution,http://media.xfire.com/xfire/xf/images/icons/4x4evo.gif
a3,A3,http://media.xfire.com/xfire/xf/images/icons/a3.gif
abpoker,Absolute Poker.com,http://media.xfire.com/xfire/xf/images/icons/abpoker.gif
actwarht,Act of War - High Treason,http://media.xfire.com/xfire/xf/images/icons/actwarht.gif
actwar,Act of War: Direct Action,http://media.xfire.com/xfire/xf/images/icons/actwar.gif
utact,Action Unreal Tournament 2004,http://media.xfire.com/xfire/xf/images/icons/utact.gif
ar,Advent Rising,http://media.xfire.com/xfire/xf/images/icons/ar.gif
aoe,Age of Empires,http://media.xfire.com/xfire/xf/images/icons/aoe.gif
aoe2,Age of Empires II,http://media.xfire.com/xfire/xf/images/icons/aoe2.gif
age2x1,Age of Empires II: The Conquerors Expansion,http://media.xfire.com/xfire/xf/images/icons/age2x1.gif
aoe3,Age of Empires III,http://media.xfire.com/xfire/xf/images/icons/aoe3.gif
aoe3twc,Age of Empires III - The WarChiefs,http://media.xfire.com/xfire/xf/images/icons/aoe3twc.gif
aoe3t,Age of Empires III Trial,http://media.xfire.com/xfire/xf/images/icons/aoe3t.gif
aoer,Age of Empires: The Rise of Rome,http://media.xfire.com/xfire/xf/images/icons/aoer.gif
aom,Age of Mythology,http://media.xfire.com/xfire/xf/images/icons/aom.gif
aomx,Age of Mythology - The Titans Expansion,http://media.xfire.com/xfire/xf/images/icons/aomx.gif
aowsm,Age of Wonders: Shadow Magic,http://media.xfire.com/xfire/xf/images/icons/aowsm.gif
airtcoon,Airport Tycoon,http://media.xfire.com/xfire/xf/images/icons/airtcoon.gif
alb18,Albatross18,http://media.xfire.com/xfire/xf/images/icons/alb18.gif
avp2,Aliens vs. Predator 2,http://media.xfire.com/xfire/xf/images/icons/avp2.gif
aao,America's Army: Special Forces,http://media.xfire.com/xfire/xf/images/icons/aao.gif
ao,Anarchy Online,http://media.xfire.com/xfire/xf/images/icons/ao.gif
alord,Archlord,http://media.xfire.com/xfire/xf/images/icons/alord.gif
a51,Area 51,http://media.xfire.com/xfire/xf/images/icons/a51.gif
armed,Armed and Dangerous,http://media.xfire.com/xfire/xf/images/icons/armed.gif
exigo,Armies of Exigo,http://media.xfire.com/xfire/xf/images/icons/exigo.gif
exigospd,Armies of Exigo Single Player Demo,http://media.xfire.com/xfire/xf/images/icons/exigospd.gif
ashc,Asheron's Call,http://media.xfire.com/xfire/xf/images/icons/ashc.gif
ashc2,Asheron's Call 2,http://media.xfire.com/xfire/xf/images/icons/ashc2.gif
aa,Auto Assault,http://media.xfire.com/xfire/xf/images/icons/aa.gif
ana,Axis & Allies,http://media.xfire.com/xfire/xf/images/icons/ana.gif
bdla,Bad Day LA,http://media.xfire.com/xfire/xf/images/icons/bdla.gif
baldur,Baldur's Gate,http://media.xfire.com/xfire/xf/images/icons/baldur.gif
bfme2,Battle for Middle-earth II,http://media.xfire.com/xfire/xf/images/icons/bfme2.gif
bfme2b,Battle for Middle-earth II Beta,http://media.xfire.com/xfire/xf/images/icons/bfme2b.gif
bf1942,Battlefield 1942,http://media.xfire.com/xfire/xf/images/icons/bf1942.gif
bf1942mpd,Battlefield 1942 Multiplayer Demo,http://media.xfire.com/xfire/xf/images/icons/bf1942mpd.gif
bf1942swd,Battlefield 1942 Secret Weapons of WWII Demo,http://media.xfire.com/xfire/xf/images/icons/bf1942swd.gif
bf1942spd,Battlefield 1942 Singleplayer Demo,http://media.xfire.com/xfire/xf/images/icons/bf1942spd.gif
bf2,Battlefield 2,http://media.xfire.com/xfire/xf/images/icons/bf2.gif
bf2dem,Battlefield 2 Demo,http://media.xfire.com/xfire/xf/images/icons/bf2dem.gif
bf2142,Battlefield 2142,http://media.xfire.com/xfire/xf/images/icons/bf2142.gif
bf2142d,Battlefield 2142 Demo,http://media.xfire.com/xfire/xf/images/icons/bf2142d.gif
bfv,Battlefield Vietnam,http://media.xfire.com/xfire/xf/images/icons/bfv.gif
bsmidway,Battlestations Midway,http://media.xfire.com/xfire/xf/images/icons/bsmidway.gif
bor,Beats of Rage,http://media.xfire.com/xfire/xf/images/icons/bor.gif
bos,Bet on Soldier,http://media.xfire.com/xfire/xf/images/icons/bos.gif
bw,Black & White,http://media.xfire.com/xfire/xf/images/icons/bw.gif
bw2,Black & White 2,http://media.xfire.com/xfire/xf/images/icons/bw2.gif
bw2bg,Black & White 2 Battle of the Gods,http://media.xfire.com/xfire/xf/images/icons/bw2bg.gif
blang,Blazing Angels,http://media.xfire.com/xfire/xf/images/icons/blang.gif
blitz,Blitzkrieg,http://media.xfire.com/xfire/xf/images/icons/blitz.gif
blitz2,Blitzkrieg 2,http://media.xfire.com/xfire/xf/images/icons/blitz2.gif
brayne,BloodRayne,http://media.xfire.com/xfire/xf/images/icons/brayne.gif
brayne2,BloodRayne 2,http://media.xfire.com/xfire/xf/images/icons/brayne2.gif
bshift,Blue Shift,http://media.xfire.com/xfire/xf/images/icons/bshift.gif
breed,Breed,http://media.xfire.com/xfire/xf/images/icons/breed.gif
bia,Brothers in Arms,http://media.xfire.com/xfire/xf/images/icons/bia.gif
biaeib,Brothers in Arms EIB,http://media.xfire.com/xfire/xf/images/icons/biaeib.gif
biaeibd,Brothers in Arms EIB Demo,http://media.xfire.com/xfire/xf/images/icons/biaeibd.gif
bzf,BZFlag,http://media.xfire.com/xfire/xf/images/icons/bzf.gif
ccgen,C&C Generals,http://media.xfire.com/xfire/xf/images/icons/ccgen.gif
ccgzh,C&C Generals - Zero Hour,http://media.xfire.com/xfire/xf/images/icons/ccgzh.gif
ccra,C&C Red Alert,http://media.xfire.com/xfire/xf/images/icons/ccra.gif
ra2,C&C Red Alert 2,http://media.xfire.com/xfire/xf/images/icons/ra2.gif
ccren,C&C Renegade,http://media.xfire.com/xfire/xf/images/icons/ccren.gif
ccts,C&C Tiberian Sun,http://media.xfire.com/xfire/xf/images/icons/ccts.gif
cctsf,C&C Tiberian Sun Firestorm,http://media.xfire.com/xfire/xf/images/icons/cctsf.gif
ccyr,C&C Yuri's Revenge,http://media.xfire.com/xfire/xf/images/icons/ccyr.gif
cabalo,CABAL Online (Europe),http://media.xfire.com/xfire/xf/images/icons/cabalo.gif
cbgh06,Cabela's Big Game Hunter 2006,http://media.xfire.com/xfire/xf/images/icons/cbgh06.gif
caesar3,Caesar 3,http://media.xfire.com/xfire/xf/images/icons/caesar3.gif
caesar4,Caesar 4,http://media.xfire.com/xfire/xf/images/icons/caesar4.gif
caesar4d,Caesar 4 Demo,http://media.xfire.com/xfire/xf/images/icons/caesar4d.gif
coc,Call of Cthulhu DCoTE,http://media.xfire.com/xfire/xf/images/icons/coc.gif
cod2mp,Call of Duty 2 Multiplayer,http://media.xfire.com/xfire/xf/images/icons/cod2mp.gif
cod2sp,Call of Duty 2 Single Player,http://media.xfire.com/xfire/xf/images/icons/cod2sp.gif
cod2spd,Call of Duty 2 Single Player Demo,http://media.xfire.com/xfire/xf/images/icons/cod2spd.gif
codmp,Call of Duty Multiplayer,http://media.xfire.com/xfire/xf/images/icons/codmp.gif
codsp,Call of Duty Single Player,http://media.xfire.com/xfire/xf/images/icons/codsp.gif
coduomp,Call of Duty United Offensive Multiplayer,http://media.xfire.com/xfire/xf/images/icons/coduomp.gif
coduosp,Call of Duty United Offensive Single Player,http://media.xfire.com/xfire/xf/images/icons/coduosp.gif
coduospd,Call of Duty United Offensive Single Player Demo,http://media.xfire.com/xfire/xf/images/icons/coduospd.gif
c3d,Carom 3D,http://media.xfire.com/xfire/xf/images/icons/c3d.gif
cm2006,Championship Manager 2006,http://media.xfire.com/xfire/xf/images/icons/cm2006.gif
cm2007,Championship Manager 2007,http://media.xfire.com/xfire/xf/images/icons/cm2007.gif
cm5,Championship Manager 5,http://media.xfire.com/xfire/xf/images/icons/cm5.gif
chrome,Chrome,http://media.xfire.com/xfire/xf/images/icons/chrome.gif
chrmpd,Chrome MP Demo 2004,http://media.xfire.com/xfire/xf/images/icons/chrmpd.gif
citylife,City Life,http://media.xfire.com/xfire/xf/images/icons/citylife.gif
coh,City of Heroes,http://media.xfire.com/xfire/xf/images/icons/coh.gif
coheu,City of Heroes EU,http://media.xfire.com/xfire/xf/images/icons/coheu.gif
cohts,City of Heroes Test Server,http://media.xfire.com/xfire/xf/images/icons/cohts.gif
cov,City of Villains,http://media.xfire.com/xfire/xf/images/icons/cov.gif
coveu,City of Villains EU,http://media.xfire.com/xfire/xf/images/icons/coveu.gif
covts,City of Villains Test Server,http://media.xfire.com/xfire/xf/images/icons/covts.gif
civcr,CivCity Rome,http://media.xfire.com/xfire/xf/images/icons/civcr.gif
civ3,Civilization III,http://media.xfire.com/xfire/xf/images/icons/civ3.gif
civ3con,Civilization III Conquests,http://media.xfire.com/xfire/xf/images/icons/civ3con.gif
civ3ptw,Civilization III Play the World,http://media.xfire.com/xfire/xf/images/icons/civ3ptw.gif
civ4,Civilization IV,http://media.xfire.com/xfire/xf/images/icons/civ4.gif
civ4w,Civilization IV - Warlords,http://media.xfire.com/xfire/xf/images/icons/civ4w.gif
ccftf,Close Combat First to Fight,http://media.xfire.com/xfire/xf/images/icons/ccftf.gif
codeg,Codename Gordon,http://media.xfire.com/xfire/xf/images/icons/codeg.gif
cfear,Cold Fear,http://media.xfire.com/xfire/xf/images/icons/cfear.gif
cmr04,Colin Mcrae Rally 04,http://media.xfire.com/xfire/xf/images/icons/cmr04.gif
cmr05,Colin Mcrae Rally 05,http://media.xfire.com/xfire/xf/images/icons/cmr05.gif
cfs3,Combat Flight Simulator 3,http://media.xfire.com/xfire/xf/images/icons/cfs3.gif
cc,Command & Conquer,http://media.xfire.com/xfire/xf/images/icons/cc.gif
cc3twd,Command & Conquer 3 Tiberium Wars Demo,http://media.xfire.com/xfire/xf/images/icons/cc3twd.gif
commsf,Commandos Strikeforce,http://media.xfire.com/xfire/xf/images/icons/commsf.gif
cheros,Company of Heroes,http://media.xfire.com/xfire/xf/images/icons/cheros.gif
cherosmpb,Company of Heroes Multiplayer Beta,http://media.xfire.com/xfire/xf/images/icons/cherosmpb.gif
cherosspd,Company of Heroes Single Player Demo,http://media.xfire.com/xfire/xf/images/icons/cherosspd.gif
condemned,Condemned - Criminal Origins,http://media.xfire.com/xfire/xf/images/icons/condemned.gif
cscz,Condition Zero,http://media.xfire.com/xfire/xf/images/icons/cscz.gif
csczds,Condition Zero Deleted Scenes,http://media.xfire.com/xfire/xf/images/icons/csczds.gif
conquer,Conquer Online,http://media.xfire.com/xfire/xf/images/icons/conquer.gif
cont,Continuum,http://media.xfire.com/xfire/xf/images/icons/cont.gif
cjack,Contract JACK,http://media.xfire.com/xfire/xf/images/icons/cjack.gif
cmonger,Control Monger,http://media.xfire.com/xfire/xf/images/icons/cmonger.gif
utcor,COR,http://media.xfire.com/xfire/xf/images/icons/utcor.gif
coss2,Cossacks II,http://media.xfire.com/xfire/xf/images/icons/coss2.gif
cs15,Counter-Strike 1.5,http://media.xfire.com/xfire/xf/images/icons/cs15.gif
cs,Counter-Strike 1.6,http://media.xfire.com/xfire/xf/images/icons/cs.gif
cs2d,CounterStrike 2D,http://media.xfire.com/xfire/xf/images/icons/cs2d.gif
css,Counter-Strike Source,http://media.xfire.com/xfire/xf/images/icons/css.gif
cssb,Counter-Strike Source Beta,http://media.xfire.com/xfire/xf/images/icons/cssb.gif
cday,Crashday,http://media.xfire.com/xfire/xf/images/icons/cday.gif
clife,Crime Life,http://media.xfire.com/xfire/xf/images/icons/clife.gif
dwaters,Dangerous Waters,http://media.xfire.com/xfire/xf/images/icons/dwaters.gif
daoc,Dark Age of Camelot,http://media.xfire.com/xfire/xf/images/icons/daoc.gif
daocc,Dark Age of Camelot - Catacombs,http://media.xfire.com/xfire/xf/images/icons/daocc.gif
daocdr,Dark Age of Camelot - Darkness Rising,http://media.xfire.com/xfire/xf/images/icons/daocdr.gif
daoclm,Dark Age of Camelot - Labyrinth of the Minotaur,http://media.xfire.com/xfire/xf/images/icons/daoclm.gif
daocsi,Dark Age of Camelot - Shrouded Isles,http://media.xfire.com/xfire/xf/images/icons/daocsi.gif
daocta,Dark Age of Camelot - Trials of Atlantis,http://media.xfire.com/xfire/xf/images/icons/daocta.gif
dmmp,Dark Messiah Multiplayer,http://media.xfire.com/xfire/xf/images/icons/dmmp.gif
dmmob,Dark Messiah Multiplayer Open Beta,http://media.xfire.com/xfire/xf/images/icons/dmmob.gif
dmsp,Dark Messiah Single Player,http://media.xfire.com/xfire/xf/images/icons/dmsp.gif
darwin,Darwinia,http://media.xfire.com/xfire/xf/images/icons/darwin.gif
darwind,Darwinia Demo,http://media.xfire.com/xfire/xf/images/icons/darwind.gif
wh40k,Dawn of War,http://media.xfire.com/xfire/xf/images/icons/wh40k.gif
wh40kdc,Dawn of War Dark Crusade,http://media.xfire.com/xfire/xf/images/icons/wh40kdc.gif
wh40kdcd,Dawn of War Dark Crusade Demo,http://media.xfire.com/xfire/xf/images/icons/wh40kdcd.gif
dowdem,Dawn of War Demo,http://media.xfire.com/xfire/xf/images/icons/dowdem.gif
wh40kwa,Dawn of War Winter Assault,http://media.xfire.com/xfire/xf/images/icons/wh40kwa.gif
dom,DawnOfMen,http://media.xfire.com/xfire/xf/images/icons/dom.gif
hldod15,Day of Defeat 1.5,http://media.xfire.com/xfire/xf/images/icons/hldod15.gif
hldod,Day of Defeat 1.6,http://media.xfire.com/xfire/xf/images/icons/hldod.gif
dods,Day of Defeat Source,http://media.xfire.com/xfire/xf/images/icons/dods.gif
hldmc15,Deathmatch Classic 1.5,http://media.xfire.com/xfire/xf/images/icons/hldmc15.gif
hldmc,Deathmatch Classic 1.6,http://media.xfire.com/xfire/xf/images/icons/hldmc.gif
dh03,Deer Hunter 2003,http://media.xfire.com/xfire/xf/images/icons/dh03.gif
dh04,Deer Hunter 2004,http://media.xfire.com/xfire/xf/images/icons/dh04.gif
dh05,Deer Hunter 2005,http://media.xfire.com/xfire/xf/images/icons/dh05.gif
defcon,Defcon,http://media.xfire.com/xfire/xf/images/icons/defcon.gif
df,Delta Force,http://media.xfire.com/xfire/xf/images/icons/df.gif
df2,Delta Force 2,http://media.xfire.com/xfire/xf/images/icons/df2.gif
dfbhd,Delta Force Black Hawk Down,http://media.xfire.com/xfire/xf/images/icons/dfbhd.gif
dfx,Delta Force Xtreme,http://media.xfire.com/xfire/xf/images/icons/dfx.gif
descentfs,Descent FreeSpace,http://media.xfire.com/xfire/xf/images/icons/descentfs.gif
deusex,Deus Ex,http://media.xfire.com/xfire/xf/images/icons/deusex.gif
deiw,Deus Ex Invisible War,http://media.xfire.com/xfire/xf/images/icons/deiw.gif
devst,Devastation,http://media.xfire.com/xfire/xf/images/icons/devst.gif
dmc3se,Devil May Cry 3 Special Edition,http://media.xfire.com/xfire/xf/images/icons/dmc3se.gif
diablo,Diablo,http://media.xfire.com/xfire/xf/images/icons/diablo.gif
d2,Diablo II,http://media.xfire.com/xfire/xf/images/icons/d2.gif
d2lod,Diablo II - Lord of Destruction,http://media.xfire.com/xfire/xf/images/icons/d2lod.gif
paintball2,Digital Paint: Paintball 2,http://media.xfire.com/xfire/xf/images/icons/paintball2.gif
hldpb,Digital Paintball,http://media.xfire.com/xfire/xf/images/icons/hldpb.gif
dis2gr,Disciples 2 - Gallean's Return,http://media.xfire.com/xfire/xf/images/icons/dis2gr.gif
dis2rote,Disciples 2 - Rise of the Elves,http://media.xfire.com/xfire/xf/images/icons/dis2rote.gif
doom3,Doom 3,http://media.xfire.com/xfire/xf/images/icons/doom3.gif
doom3roe,Doom 3 Resurrection of Evil,http://media.xfire.com/xfire/xf/images/icons/doom3roe.gif
droom,Doyles Room.com,http://media.xfire.com/xfire/xf/images/icons/droom.gif
dshard,Dragonshard,http://media.xfire.com/xfire/xf/images/icons/dshard.gif
dfall,Dreamfall,http://media.xfire.com/xfire/xf/images/icons/dfall.gif
driv3r,Driv3r,http://media.xfire.com/xfire/xf/images/icons/driv3r.gif
d2000,Dune 2000,http://media.xfire.com/xfire/xf/images/icons/d2000.gif
dkeeper2,Dungeon Keeper 2,http://media.xfire.com/xfire/xf/images/icons/dkeeper2.gif
dlords,Dungeon Lords,http://media.xfire.com/xfire/xf/images/icons/dlords.gif
ds,Dungeon Siege,http://media.xfire.com/xfire/xf/images/icons/ds.gif
ds2,Dungeon Siege II,http://media.xfire.com/xfire/xf/images/icons/ds2.gif
ds2bw,Dungeon Siege II Broken World,http://media.xfire.com/xfire/xf/images/icons/ds2bw.gif
ds2b,Dungeon Siege II Demo,http://media.xfire.com/xfire/xf/images/icons/ds2b.gif
dsloa,Dungeon Siege Legends of Aranna,http://media.xfire.com/xfire/xf/images/icons/dsloa.gif
ddo,Dungeons & Dragons Online - Stormreach,http://media.xfire.com/xfire/xf/images/icons/ddo.gif
hl2dys,Dystopia v1,http://media.xfire.com/xfire/xf/images/icons/hl2dys.gif
e2160,Earth 2160,http://media.xfire.com/xfire/xf/images/icons/e2160.gif
hlesf,Earth's Special Forces,http://media.xfire.com/xfire/xf/images/icons/hlesf.gif
elmat,El Matador,http://media.xfire.com/xfire/xf/images/icons/elmat.gif
empbfd,Emperor - Battle for Dune,http://media.xfire.com/xfire/xf/images/icons/empbfd.gif
ee,Empire Earth,http://media.xfire.com/xfire/xf/images/icons/ee.gif
ee2,Empire Earth II,http://media.xfire.com/xfire/xf/images/icons/ee2.gif
ee2aos,Empire Earth II Art of Supremacy,http://media.xfire.com/xfire/xf/images/icons/ee2aos.gif
empirep,EmpirePoker.com,http://media.xfire.com/xfire/xf/images/icons/empirep.gif
hl2emp,Empires,http://media.xfire.com/xfire/xf/images/icons/hl2emp.gif
edmw,Empires Dawn of the Modern World,http://media.xfire.com/xfire/xf/images/icons/edmw.gif
etm,Enter the Matrix,http://media.xfire.com/xfire/xf/images/icons/etm.gif
eragon,Eragon,http://media.xfire.com/xfire/xf/images/icons/eragon.gif
efmi,Escape from Monkey Island,http://media.xfire.com/xfire/xf/images/icons/efmi.gif
eve,Eve Online,http://media.xfire.com/xfire/xf/images/icons/eve.gif
evpoker,Everest Poker.com,http://media.xfire.com/xfire/xf/images/icons/evpoker.gif
eq,Everquest,http://media.xfire.com/xfire/xf/images/icons/eq.gif
eq2,EverQuest II,http://media.xfire.com/xfire/xf/images/icons/eq2.gif
eq2beta,EverQuest II Beta,http://media.xfire.com/xfire/xf/images/icons/eq2beta.gif
evilg,Evil Genius,http://media.xfire.com/xfire/xf/images/icons/evilg.gif
fable,Fable - The Lost Chapters,http://media.xfire.com/xfire/xf/images/icons/fable.gif
fow,Faces of War,http://media.xfire.com/xfire/xf/images/icons/fow.gif
fahrenheit,Fahrenheit,http://media.xfire.com/xfire/xf/images/icons/fahrenheit.gif
falcon4,Falcon 4.0 Allied Force,http://media.xfire.com/xfire/xf/images/icons/falcon4.gif
fallout,Fallout,http://media.xfire.com/xfire/xf/images/icons/fallout.gif
fallout2,Fallout 2,http://media.xfire.com/xfire/xf/images/icons/fallout2.gif
ft,Fallout Tactics,http://media.xfire.com/xfire/xf/images/icons/ft.gif
fc,Far Cry,http://media.xfire.com/xfire/xf/images/icons/fc.gif
fate,Fate,http://media.xfire.com/xfire/xf/images/icons/fate.gif
fearep,FEAR Extraction Point,http://media.xfire.com/xfire/xf/images/icons/fearep.gif
fearepspd,FEAR Extraction Point SP Demo,http://media.xfire.com/xfire/xf/images/icons/fearepspd.gif
fearmp,FEAR Multiplayer,http://media.xfire.com/xfire/xf/images/icons/fearmp.gif
fearmpd,FEAR Multiplayer Demo,http://media.xfire.com/xfire/xf/images/icons/fearmpd.gif
fear,FEAR Single Player,http://media.xfire.com/xfire/xf/images/icons/fear.gif
feard,FEAR SP Demo,http://media.xfire.com/xfire/xf/images/icons/feard.gif
fifa07,FIFA 07,http://media.xfire.com/xfire/xf/images/icons/fifa07.gif
fifa2k3,FIFA 2003,http://media.xfire.com/xfire/xf/images/icons/fifa2k3.gif
fifam06,FIFA Manager 06,http://media.xfire.com/xfire/xf/images/icons/fifam06.gif
fifa06,FIFA Soccer 06,http://media.xfire.com/xfire/xf/images/icons/fifa06.gif
fifa2k5,FIFA Soccer 2005,http://media.xfire.com/xfire/xf/images/icons/fifa2k5.gif
ff7,Final Fantasy VII,http://media.xfire.com/xfire/xf/images/icons/ff7.gif
ff8,Final Fantasy VIII,http://media.xfire.com/xfire/xf/images/icons/ff8.gif
ff11o,Final Fantasy XI Online,http://media.xfire.com/xfire/xf/images/icons/ff11o.gif
hlfa,Firearms,http://media.xfire.com/xfire/xf/images/icons/hlfa.gif
firstbat,First Battalion,http://media.xfire.com/xfire/xf/images/icons/firstbat.gif
fo,Flatout,http://media.xfire.com/xfire/xf/images/icons/fo.gif
fo2,Flatout 2,http://media.xfire.com/xfire/xf/images/icons/fo2.gif
msfs2k4,Flight Simulator 2004,http://media.xfire.com/xfire/xf/images/icons/msfs2k4.gif
flyff,Flyff,http://media.xfire.com/xfire/xf/images/icons/flyff.gif
fm2005,Football Manager 2005,http://media.xfire.com/xfire/xf/images/icons/fm2005.gif
fm2006,Football Manager 2006,http://media.xfire.com/xfire/xf/images/icons/fm2006.gif
fm2007,Football Manager 2007,http://media.xfire.com/xfire/xf/images/icons/fm2007.gif
utfo,Frag Ops,http://media.xfire.com/xfire/xf/images/icons/utfo.gif
winfcell,Freecell,http://media.xfire.com/xfire/xf/images/icons/winfcell.gif
ffighters,Freedom Fighters,http://media.xfire.com/xfire/xf/images/icons/ffighters.gif
ffvtr,Freedom Force vs The 3rd Reich,http://media.xfire.com/xfire/xf/images/icons/ffvtr.gif
frlncr,Freelancer,http://media.xfire.com/xfire/xf/images/icons/frlncr.gif
fof,Frets on Fire,http://media.xfire.com/xfire/xf/images/icons/fof.gif
fsw2th,FSW Ten Hammers,http://media.xfire.com/xfire/xf/images/icons/fsw2th.gif
fsw,Full Spectrum Warrior,http://media.xfire.com/xfire/xf/images/icons/fsw.gif
ftpoker,Full Tilt Poker.com,http://media.xfire.com/xfire/xf/images/icons/ftpoker.gif
gciv,Galactic Civilizations,http://media.xfire.com/xfire/xf/images/icons/gciv.gif
gcivap,Galactic Civilizations - The Altarian Prophecy,http://media.xfire.com/xfire/xf/images/icons/gcivap.gif
gciv2,Galactic Civilizations II,http://media.xfire.com/xfire/xf/images/icons/gciv2.gif
gtycoon,Game Tycoon,http://media.xfire.com/xfire/xf/images/icons/gtycoon.gif
gtap,GameTap,http://media.xfire.com/xfire/xf/images/icons/gtap.gif
gcp,Gaming Club Poker,http://media.xfire.com/xfire/xf/images/icons/gcp.gif
gland,Gangland,http://media.xfire.com/xfire/xf/images/icons/gland.gif
got,Gates of Troy,http://media.xfire.com/xfire/xf/images/icons/got.gif
gampd,GetAmped,http://media.xfire.com/xfire/xf/images/icons/gampd.gif
gr,Ghost Recon,http://media.xfire.com/xfire/xf/images/icons/gr.gif
graw,Ghost Recon Advanced Warfighter,http://media.xfire.com/xfire/xf/images/icons/graw.gif
grawd,Ghost Recon Advanced Warfighter Demo,http://media.xfire.com/xfire/xf/images/icons/grawd.gif
giants,Giants: Citizen Kabuto,http://media.xfire.com/xfire/xf/images/icons/giants.gif
gotre,Glory of the Roman Empire,http://media.xfire.com/xfire/xf/images/icons/gotre.gif
glq,GLQuake,http://media.xfire.com/xfire/xf/images/icons/glq.gif
hl2ge,Goldeneye: Source,http://media.xfire.com/xfire/xf/images/icons/hl2ge.gif
goonzu,Goonzu Online,http://media.xfire.com/xfire/xf/images/icons/goonzu.gif
gore,Gore - Ultimate Soldier,http://media.xfire.com/xfire/xf/images/icons/gore.gif
gotcha,Gotcha!,http://media.xfire.com/xfire/xf/images/icons/gotcha.gif
goth2,Gothic II,http://media.xfire.com/xfire/xf/images/icons/goth2.gif
goth3,Gothic III,http://media.xfire.com/xfire/xf/images/icons/goth3.gif
gtavc,Grand Theft Auto - Vice City,http://media.xfire.com/xfire/xf/images/icons/gtavc.gif
gta2,Grand Theft Auto 2,http://media.xfire.com/xfire/xf/images/icons/gta2.gif
gta3,Grand Theft Auto III,http://media.xfire.com/xfire/xf/images/icons/gta3.gif
gtasa,Grand Theft Auto San Andreas,http://media.xfire.com/xfire/xf/images/icons/gtasa.gif
grimfan,Grim Fandango,http://media.xfire.com/xfire/xf/images/icons/grimfan.gif
gc2,Ground Control II,http://media.xfire.com/xfire/xf/images/icons/gc2.gif
gtl,GT Legends,http://media.xfire.com/xfire/xf/images/icons/gtl.gif
gtr,GTR,http://media.xfire.com/xfire/xf/images/icons/gtr.gif
gtr2,GTR 2,http://media.xfire.com/xfire/xf/images/icons/gtr2.gif
gw,Guild Wars,http://media.xfire.com/xfire/xf/images/icons/gw.gif
gun,Gun,http://media.xfire.com/xfire/xf/images/icons/gun.gif
gb,GunBound World Champion,http://media.xfire.com/xfire/xf/images/icons/gb.gif
gunz,GunZ: The Duel,http://media.xfire.com/xfire/xf/images/icons/gunz.gif
hl15,Half-Life 1.5,http://media.xfire.com/xfire/xf/images/icons/hl15.gif
hl,Half-Life 1.6,http://media.xfire.com/xfire/xf/images/icons/hl.gif
hl2,Half-Life 2,http://media.xfire.com/xfire/xf/images/icons/hl2.gif
hl2ctf,Half-Life 2 Capture the Flag,http://media.xfire.com/xfire/xf/images/icons/hl2ctf.gif
hl2e1,Half-Life 2 Episode One,http://media.xfire.com/xfire/xf/images/icons/hl2e1.gif
hl2gmod,Half-Life 2 Garry's Mod,http://media.xfire.com/xfire/xf/images/icons/hl2gmod.gif
hl2sub,Half-Life 2 Substance,http://media.xfire.com/xfire/xf/images/icons/hl2sub.gif
hl2dm,Half-Life 2: Deathmatch,http://media.xfire.com/xfire/xf/images/icons/hl2dm.gif
hl2lc,Half-Life 2: Lost Coast,http://media.xfire.com/xfire/xf/images/icons/hl2lc.gif
hlsbs,Half-Life Blue Shift (Steam),http://media.xfire.com/xfire/xf/images/icons/hlsbs.gif
hls,Half-Life Source,http://media.xfire.com/xfire/xf/images/icons/hls.gif
halo,Halo,http://media.xfire.com/xfire/xf/images/icons/halo.gif
haloce,Halo Custom Edition,http://media.xfire.com/xfire/xf/images/icons/haloce.gif
winhearts,Hearts,http://media.xfire.com/xfire/xf/images/icons/winhearts.gif
hoi2,Hearts of Iron II,http://media.xfire.com/xfire/xf/images/icons/hoi2.gif
hoi2d,Hearts of Iron II Doomsday,http://media.xfire.com/xfire/xf/images/icons/hoi2d.gif
hgl,Hellgate London,http://media.xfire.com/xfire/xf/images/icons/hgl.gif
heroo,Hero Online,http://media.xfire.com/xfire/xf/images/icons/heroo.gif
homm3,Heroes of Might and Magic III,http://media.xfire.com/xfire/xf/images/icons/homm3.gif
homm3ab,Heroes of Might and Magic III Armageddon's Blade,http://media.xfire.com/xfire/xf/images/icons/homm3ab.gif
homm4,Heroes of Might and Magic IV,http://media.xfire.com/xfire/xf/images/icons/homm4.gif
homm5,Heroes of Might and Magic V,http://media.xfire.com/xfire/xf/images/icons/homm5.gif
homm5hof,Heroes of Might and Magic V - Hammers of Fate,http://media.xfire.com/xfire/xf/images/icons/homm5hof.gif
homm5b,Heroes of Might and Magic V Beta,http://media.xfire.com/xfire/xf/images/icons/homm5b.gif
homm5d,Heroes of Might and Magic V Demo,http://media.xfire.com/xfire/xf/images/icons/homm5d.gif
hotp,Heroes of the Pacific,http://media.xfire.com/xfire/xf/images/icons/hotp.gif
hnd,Hidden & Dangerous,http://media.xfire.com/xfire/xf/images/icons/hnd.gif
hnd2,Hidden & Dangerous 2,http://media.xfire.com/xfire/xf/images/icons/hnd2.gif
hnd2ss,Hidden & Dangerous 2 Sabre Squadron,http://media.xfire.com/xfire/xf/images/icons/hnd2ss.gif
hl2hs,Hidden: Source,http://media.xfire.com/xfire/xf/images/icons/hl2hs.gif
htmnc47,Hitman - Codename 47,http://media.xfire.com/xfire/xf/images/icons/htmnc47.gif
htmn2,Hitman 2 - Silent Assassin,http://media.xfire.com/xfire/xf/images/icons/htmn2.gif
htmnbm,Hitman Blood Money,http://media.xfire.com/xfire/xf/images/icons/htmnbm.gif
htmncon,Hitman Contracts,http://media.xfire.com/xfire/xf/images/icons/htmncon.gif
hw,Homeworld,http://media.xfire.com/xfire/xf/images/icons/hw.gif
hw2,Homeworld 2,http://media.xfire.com/xfire/xf/images/icons/hw2.gif
hcat,Homeworld Cataclysm,http://media.xfire.com/xfire/xf/images/icons/hcat.gif
ho,Horizons Online,http://media.xfire.com/xfire/xf/images/icons/ho.gif
idale,Icewind Dale,http://media.xfire.com/xfire/xf/images/icons/idale.gif
idalehw,Icewind Dale - Heart of Winter,http://media.xfire.com/xfire/xf/images/icons/idalehw.gif
gunzna,ijji GunZ,http://media.xfire.com/xfire/xf/images/icons/gunzna.gif
il2fb,IL-2 Sturmovik - Forgotten Battles,http://media.xfire.com/xfire/xf/images/icons/il2fb.gif
cotn,Immortal Cities: Children of The Nile,http://media.xfire.com/xfire/xf/images/icons/cotn.gif
ig,Imperial Glory,http://media.xfire.com/xfire/xf/images/icons/ig.gif
indigop,Indigo Prophecy,http://media.xfire.com/xfire/xf/images/icons/indigop.gif
irnstrm,Iron Storm,http://media.xfire.com/xfire/xf/images/icons/irnstrm.gif
jempire,Jade Empire,http://media.xfire.com/xfire/xf/images/icons/jempire.gif
bondnf,James Bond 007 Nightfire,http://media.xfire.com/xfire/xf/images/icons/bondnf.gif
jamp,Jedi Academy Multiplayer,http://media.xfire.com/xfire/xf/images/icons/jamp.gif
jasp,Jedi Academy Single Player,http://media.xfire.com/xfire/xf/images/icons/jasp.gif
jk,Jedi Knight,http://media.xfire.com/xfire/xf/images/icons/jk.gif
jk2mp,Jedi Knight II Multiplayer,http://media.xfire.com/xfire/xf/images/icons/jk2mp.gif
jk2sp,Jedi Knight II Single Player,http://media.xfire.com/xfire/xf/images/icons/jk2sp.gif
jdaf,John Deere American Farmer,http://media.xfire.com/xfire/xf/images/icons/jdaf.gif
jdnaf,John Deere North American Farmer,http://media.xfire.com/xfire/xf/images/icons/jdnaf.gif
jopse,Joint Operations: Escalation,http://media.xfire.com/xfire/xf/images/icons/jopse.gif
jops,Joint Operations: Typhoon Rising,http://media.xfire.com/xfire/xf/images/icons/jops.gif
jtf,Joint Task Force,http://media.xfire.com/xfire/xf/images/icons/jtf.gif
juiced,Juiced,http://media.xfire.com/xfire/xf/images/icons/juiced.gif
justc,Just Cause,http://media.xfire.com/xfire/xf/images/icons/justc.gif
jxo,JX Online,http://media.xfire.com/xfire/xf/images/icons/jxo.gif
kalo,Kal Online,http://media.xfire.com/xfire/xf/images/icons/kalo.gif
karma,Karma Online,http://media.xfire.com/xfire/xf/images/icons/karma.gif
ks,Kill.Switch,http://media.xfire.com/xfire/xf/images/icons/ks.gif
kingpin,Kingpin Life of Crime,http://media.xfire.com/xfire/xf/images/icons/kingpin.gif
ko,Knight Online,http://media.xfire.com/xfire/xf/images/icons/ko.gif
kohan2,Kohan II Kings of War,http://media.xfire.com/xfire/xf/images/icons/kohan2.gif
hl2kc,Kreedz Climbing,http://media.xfire.com/xfire/xf/images/icons/hl2kc.gif
kw,KumaWar,http://media.xfire.com/xfire/xf/images/icons/kw.gif
lotd,Land of the Dead,http://media.xfire.com/xfire/xf/images/icons/lotd.gif
lom,Legends of Mir,http://media.xfire.com/xfire/xf/images/icons/lom.gif
lom2,Legends of Mir II,http://media.xfire.com/xfire/xf/images/icons/lom2.gif
lom3,Legends of Mir III,http://media.xfire.com/xfire/xf/images/icons/lom3.gif
larena,Legion Arena,http://media.xfire.com/xfire/xf/images/icons/larena.gif
legosw,Lego Star Wars,http://media.xfire.com/xfire/xf/images/icons/legosw.gif
legosw2,Lego Star Wars II,http://media.xfire.com/xfire/xf/images/icons/legosw2.gif
lslmcl,Leisure Suit Larry - Magna Cum Laude,http://media.xfire.com/xfire/xf/images/icons/lslmcl.gif
lrsbs,Let's Ride! - Silver Buckle Stables,http://media.xfire.com/xfire/xf/images/icons/lrsbs.gif
lineage,Lineage,http://media.xfire.com/xfire/xf/images/icons/lineage.gif
lin2,Lineage II,http://media.xfire.com/xfire/xf/images/icons/lin2.gif
lfs,Live for Speed,http://media.xfire.com/xfire/xf/images/icons/lfs.gif
lomac,Lock On,http://media.xfire.com/xfire/xf/images/icons/lomac.gif
loco,Locomotion,http://media.xfire.com/xfire/xf/images/icons/loco.gif
rotk,LOTR Return of the King,http://media.xfire.com/xfire/xf/images/icons/rotk.gif
mabi,Mabinogi,http://media.xfire.com/xfire/xf/images/icons/mabi.gif
mddn2k4,Madden 2004,http://media.xfire.com/xfire/xf/images/icons/mddn2k4.gif
mddn2k5,Madden 2005,http://media.xfire.com/xfire/xf/images/icons/mddn2k5.gif
mddn2k6,Madden 2006,http://media.xfire.com/xfire/xf/images/icons/mddn2k6.gif
mddn2k7,Madden 2007,http://media.xfire.com/xfire/xf/images/icons/mddn2k7.gif
maelstrom,Maelstrom,http://media.xfire.com/xfire/xf/images/icons/maelstrom.gif
mafia,Mafia,http://media.xfire.com/xfire/xf/images/icons/mafia.gif
mka,Mage Knight Apocalypse,http://media.xfire.com/xfire/xf/images/icons/mka.gif
mtgo,Magic Online,http://media.xfire.com/xfire/xf/images/icons/mtgo.gif
mtcoon,Mall Tycoon,http://media.xfire.com/xfire/xf/images/icons/mtcoon.gif
mtcoon2,Mall Tycoon 2,http://media.xfire.com/xfire/xf/images/icons/mtcoon2.gif
mtcoon3,Mall Tycoon 3,http://media.xfire.com/xfire/xf/images/icons/mtcoon3.gif
mame32,MAME32,http://media.xfire.com/xfire/xf/images/icons/mame32.gif
mhnt,Manhunt,http://media.xfire.com/xfire/xf/images/icons/mhnt.gif
mpls,MapleStory,http://media.xfire.com/xfire/xf/images/icons/mpls.gif
getup,Marc Ecko's Getting Up - Contents Under Pressure,http://media.xfire.com/xfire/xf/images/icons/getup.gif
mua,Marvel Ultimate Alliance,http://media.xfire.com/xfire/xf/images/icons/mua.gif
maxp,Max Payne,http://media.xfire.com/xfire/xf/images/icons/maxp.gif
maxp2,Max Payne 2,http://media.xfire.com/xfire/xf/images/icons/maxp2.gif
mw3,MechWarrior 3,http://media.xfire.com/xfire/xf/images/icons/mw3.gif
mw4bk,MechWarrior 4 Black Knight,http://media.xfire.com/xfire/xf/images/icons/mw4bk.gif
mw4v,MechWarrior 4 Vengeance,http://media.xfire.com/xfire/xf/images/icons/mw4v.gif
mwm,MechWarrior Mercenaries,http://media.xfire.com/xfire/xf/images/icons/mwm.gif
mohaa,Medal of Honor Allied Assault,http://media.xfire.com/xfire/xf/images/icons/mohaa.gif
mohaab,Medal of Honor Allied Assault - Breakthrough,http://media.xfire.com/xfire/xf/images/icons/mohaab.gif
mohaas,Medal of Honor Allied Assault - Spearhead,http://media.xfire.com/xfire/xf/images/icons/mohaas.gif
mohpa,Medal of Honor Pacific Assault,http://media.xfire.com/xfire/xf/images/icons/mohpa.gif
mohpad,Medal of Honor Pacific Assault MP Demo,http://media.xfire.com/xfire/xf/images/icons/mohpad.gif
mtw,Medieval - Total War,http://media.xfire.com/xfire/xf/images/icons/mtw.gif
m2tw,Medieval II Total War,http://media.xfire.com/xfire/xf/images/icons/m2tw.gif
m2twd,Medieval II Total War Demo SE,http://media.xfire.com/xfire/xf/images/icons/m2twd.gif
mov,Men of Valor,http://media.xfire.com/xfire/xf/images/icons/mov.gif
movmpd,Men of Valor MP Demo,http://media.xfire.com/xfire/xf/images/icons/movmpd.gif
m59,Meridian 59,http://media.xfire.com/xfire/xf/images/icons/m59.gif
mgs2s,Metal Gear Solid2 Substance,http://media.xfire.com/xfire/xf/images/icons/mgs2s.gif
fsx,Microsoft Flight Simulator X,http://media.xfire.com/xfire/xf/images/icons/fsx.gif
mc2,Midnight Club 2,http://media.xfire.com/xfire/xf/images/icons/mc2.gif
mmad,Midtown Madness,http://media.xfire.com/xfire/xf/images/icons/mmad.gif
mmad2,Midtown Madness 2,http://media.xfire.com/xfire/xf/images/icons/mmad2.gif
winmine,Minesweeper,http://media.xfire.com/xfire/xf/images/icons/winmine.gif
mojom,Mojo Master,http://media.xfire.com/xfire/xf/images/icons/mojom.gif
mtycoon,Monopoly Tycoon,http://media.xfire.com/xfire/xf/images/icons/mtycoon.gif
mtmad2,Monster Truck Madness 2,http://media.xfire.com/xfire/xf/images/icons/mtmad2.gif
morwnd,Morrowind,http://media.xfire.com/xfire/xf/images/icons/morwnd.gif
mortyr2,Mortyr 2,http://media.xfire.com/xfire/xf/images/icons/mortyr2.gif
mcmad2,Motocross Madness 2,http://media.xfire.com/xfire/xf/images/icons/mcmad2.gif
mgp2,MotoGP 2,http://media.xfire.com/xfire/xf/images/icons/mgp2.gif
mgp3,MotoGP URT 3,http://media.xfire.com/xfire/xf/images/icons/mgp3.gif
mu,Mu Online,http://media.xfire.com/xfire/xf/images/icons/mu.gif
mvpb05,MVP Baseball 2005,http://media.xfire.com/xfire/xf/images/icons/mvpb05.gif
mxvsatv,MX vs ATV Unleashed,http://media.xfire.com/xfire/xf/images/icons/mxvsatv.gif
mxvsatvd,MX vs ATV Unleashed Demo,http://media.xfire.com/xfire/xf/images/icons/mxvsatvd.gif
myst,Myst,http://media.xfire.com/xfire/xf/images/icons/myst.gif
myst3,Myst III Exile,http://media.xfire.com/xfire/xf/images/icons/myst3.gif
myst4,Myst IV Revelation,http://media.xfire.com/xfire/xf/images/icons/myst4.gif
myst5,Myst V End of Ages,http://media.xfire.com/xfire/xf/images/icons/myst5.gif
mythos,Mythos,http://media.xfire.com/xfire/xf/images/icons/mythos.gif
nascar2k3,Nascar Racing 2003 Season,http://media.xfire.com/xfire/xf/images/icons/nascar2k3.gif
nascar3,Nascar Racing 3,http://media.xfire.com/xfire/xf/images/icons/nascar3.gif
nascar4,Nascar Racing 4,http://media.xfire.com/xfire/xf/images/icons/nascar4.gif
nascarsr,Nascar SimRacing,http://media.xfire.com/xfire/xf/images/icons/nascarsr.gif
ns,Natural Selection,http://media.xfire.com/xfire/xf/images/icons/ns.gif
nf,NavyField,http://media.xfire.com/xfire/xf/images/icons/nf.gif
nbal06,NBA Live 06,http://media.xfire.com/xfire/xf/images/icons/nbal06.gif
nbal07,NBA Live 07,http://media.xfire.com/xfire/xf/images/icons/nbal07.gif
nbal2k5,NBA Live 2005,http://media.xfire.com/xfire/xf/images/icons/nbal2k5.gif
ncaacr06,NCAA Championship Run 2006,http://media.xfire.com/xfire/xf/images/icons/ncaacr06.gif
nfsc,Need for Speed Carbon,http://media.xfire.com/xfire/xf/images/icons/nfsc.gif
nfscd,Need for Speed Carbon Demo,http://media.xfire.com/xfire/xf/images/icons/nfscd.gif
nfshs,Need for Speed High Stakes,http://media.xfire.com/xfire/xf/images/icons/nfshs.gif
nfshp2,Need for Speed Hot Pursuit 2,http://media.xfire.com/xfire/xf/images/icons/nfshp2.gif
nfs2se,Need for Speed II SE,http://media.xfire.com/xfire/xf/images/icons/nfs2se.gif
nfs3,Need for Speed III,http://media.xfire.com/xfire/xf/images/icons/nfs3.gif
nfsmw,Need for Speed Most Wanted,http://media.xfire.com/xfire/xf/images/icons/nfsmw.gif
nfspu,Need for Speed Porsche Unleashed,http://media.xfire.com/xfire/xf/images/icons/nfspu.gif
nfsu,Need For Speed Underground,http://media.xfire.com/xfire/xf/images/icons/nfsu.gif
nfsu2,Need for Speed Underground 2,http://media.xfire.com/xfire/xf/images/icons/nfsu2.gif
neocr2,Neocron 2,http://media.xfire.com/xfire/xf/images/icons/neocr2.gif
netgmn,NetGammon,http://media.xfire.com/xfire/xf/images/icons/netgmn.gif
nwn,Neverwinter Nights,http://media.xfire.com/xfire/xf/images/icons/nwn.gif
nwn2,Neverwinter Nights 2,http://media.xfire.com/xfire/xf/images/icons/nwn2.gif
nexus,Nexus - The Jupiter Incident,http://media.xfire.com/xfire/xf/images/icons/nexus.gif
nflhc,NFL Head Coach,http://media.xfire.com/xfire/xf/images/icons/nflhc.gif
nhl06,NHL 06,http://media.xfire.com/xfire/xf/images/icons/nhl06.gif
nhl2k5,NHL 2005,http://media.xfire.com/xfire/xf/images/icons/nhl2k5.gif
nhl07,NHL07,http://media.xfire.com/xfire/xf/images/icons/nhl07.gif
nolf,No One Lives Forever,http://media.xfire.com/xfire/xf/images/icons/nolf.gif
nolf2,No One Lives Forever 2,http://media.xfire.com/xfire/xf/images/icons/nolf2.gif
nox,Nox,http://media.xfire.com/xfire/xf/images/icons/nox.gif
nte,NTE,http://media.xfire.com/xfire/xf/images/icons/nte.gif
oblivion,Oblivion,http://media.xfire.com/xfire/xf/images/icons/oblivion.gif
oni3,Onimusha 3,http://media.xfire.com/xfire/xf/images/icons/oni3.gif
opflsh,Operation Flashpoint,http://media.xfire.com/xfire/xf/images/icons/opflsh.gif
opflshr,Operation Flashpoint Resistance,http://media.xfire.com/xfire/xf/images/icons/opflshr.gif
hlof15,Opposing Force 1.5,http://media.xfire.com/xfire/xf/images/icons/hlof15.gif
hlof,Opposing Force 1.6,http://media.xfire.com/xfire/xf/images/icons/hlof.gif
or06c2c,OutRun2006 Coast 2 Coast,http://media.xfire.com/xfire/xf/images/icons/or06c2c.gif
pnklr,Painkiller,http://media.xfire.com/xfire/xf/images/icons/pnklr.gif
pnklrboh,Painkiller Battle out of Hell,http://media.xfire.com/xfire/xf/images/icons/pnklrboh.gif
panzerc,Panzer Command,http://media.xfire.com/xfire/xf/images/icons/panzerc.gif
panzers,Panzers - Phase 1,http://media.xfire.com/xfire/xf/images/icons/panzers.gif
panzers2,Panzers - Phase 2,http://media.xfire.com/xfire/xf/images/icons/panzers2.gif
parpoker,Paradise Poker.com,http://media.xfire.com/xfire/xf/images/icons/parpoker.gif
paraw,Paraworld,http://media.xfire.com/xfire/xf/images/icons/paraw.gif
pariah,Pariah,http://media.xfire.com/xfire/xf/images/icons/pariah.gif
ppkr,PartyPoker.com,http://media.xfire.com/xfire/xf/images/icons/ppkr.gif
panuf,Patriots: A Nation Under Fire,http://media.xfire.com/xfire/xf/images/icons/panuf.gif
perim,Perimeter,http://media.xfire.com/xfire/xf/images/icons/perim.gif
perimet,Perimeter Emperor's Testament,http://media.xfire.com/xfire/xf/images/icons/perimet.gif
kkong,Peter Jackson's King Kong,http://media.xfire.com/xfire/xf/images/icons/kkong.gif
psu,Phantasy Star Universe Online,http://media.xfire.com/xfire/xf/images/icons/psu.gif
pharaoh,Pharaoh,http://media.xfire.com/xfire/xf/images/icons/pharaoh.gif
winpball,Pinball,http://media.xfire.com/xfire/xf/images/icons/winpball.gif
piratesotc,Pirates of the Caribbean,http://media.xfire.com/xfire/xf/images/icons/piratesotc.gif
pkpoker,PKR.com,http://media.xfire.com/xfire/xf/images/icons/pkpoker.gif
poa,Plan of Attack,http://media.xfire.com/xfire/xf/images/icons/poa.gif
ps,PlanetSide,http://media.xfire.com/xfire/xf/images/icons/ps.gif
playboy,Playboy - The Mansion,http://media.xfire.com/xfire/xf/images/icons/playboy.gif
proom,PokerRoom.com,http://media.xfire.com/xfire/xf/images/icons/proom.gif
pstars,PokerStars.com,http://media.xfire.com/xfire/xf/images/icons/pstars.gif
postal2,Postal 2 Share the Pain,http://media.xfire.com/xfire/xf/images/icons/postal2.gif
prey,Prey,http://media.xfire.com/xfire/xf/images/icons/prey.gif
preyd,Prey Demo,http://media.xfire.com/xfire/xf/images/icons/preyd.gif
pop,Prince of Persia - The Sands of Time,http://media.xfire.com/xfire/xf/images/icons/pop.gif
popttt,Prince of Persia The Two Thrones,http://media.xfire.com/xfire/xf/images/icons/popttt.gif
popww,Prince of Persia Warrior Within,http://media.xfire.com/xfire/xf/images/icons/popww.gif
poq,Prince of Qin Online,http://media.xfire.com/xfire/xf/images/icons/poq.gif
ptycoon,Prison Tycoon,http://media.xfire.com/xfire/xf/images/icons/ptycoon.gif
ptycoon2,Prison Tycoon 2,http://media.xfire.com/xfire/xf/images/icons/ptycoon2.gif
pstale,Priston Tale,http://media.xfire.com/xfire/xf/images/icons/pstale.gif
pes4,Pro Evolution Soccer 4,http://media.xfire.com/xfire/xf/images/icons/pes4.gif
pes5,Pro Evolution Soccer 5,http://media.xfire.com/xfire/xf/images/icons/pes5.gif
pes6,Pro Evolution Soccer 6,http://media.xfire.com/xfire/xf/images/icons/pes6.gif
psblindmp,Project Snowblind Multiplayer,http://media.xfire.com/xfire/xf/images/icons/psblindmp.gif
psblind,Project Snowblind Single Player,http://media.xfire.com/xfire/xf/images/icons/psblind.gif
proq,ProQuake,http://media.xfire.com/xfire/xf/images/icons/proq.gif
pnauts,Psychonauts,http://media.xfire.com/xfire/xf/images/icons/pnauts.gif
ptox,Psychotoxic,http://media.xfire.com/xfire/xf/images/icons/ptox.gif
quake4,Quake 4,http://media.xfire.com/xfire/xf/images/icons/quake4.gif
quake4dem,Quake 4 Demo,http://media.xfire.com/xfire/xf/images/icons/quake4dem.gif
q2,Quake II,http://media.xfire.com/xfire/xf/images/icons/q2.gif
q3,Quake III Arena,http://media.xfire.com/xfire/xf/images/icons/q3.gif
qwcl,QuakeWorld,http://media.xfire.com/xfire/xf/images/icons/qwcl.gif
rose,R.O.S.E. Online Evolution,http://media.xfire.com/xfire/xf/images/icons/rose.gif
rylna,R.Y.L. Path of the Emperor,http://media.xfire.com/xfire/xf/images/icons/rylna.gif
rdkungfu,Rag Doll Kung Fu,http://media.xfire.com/xfire/xf/images/icons/rdkungfu.gif
ragnrk,Ragnarok Online,http://media.xfire.com/xfire/xf/images/icons/ragnrk.gif
rrt3,Railroad Tycoon 3,http://media.xfire.com/xfire/xf/images/icons/rrt3.gif
rt2,Railroad Tycoon II,http://media.xfire.com/xfire/xf/images/icons/rt2.gif
rt2p,Railroad Tycoon II Platinum,http://media.xfire.com/xfire/xf/images/icons/rt2p.gif
r63as,Rainbow Six 3 - Athena Sword,http://media.xfire.com/xfire/xf/images/icons/r63as.gif
r6l,Rainbow Six Lockdown,http://media.xfire.com/xfire/xf/images/icons/r6l.gif
r6ld,Rainbow Six Lockdown Demo,http://media.xfire.com/xfire/xf/images/icons/r6ld.gif
rcf,Rakion Chaos Force,http://media.xfire.com/xfire/xf/images/icons/rcf.gif
rappelz,Rappelz Epic3,http://media.xfire.com/xfire/xf/images/icons/rappelz.gif
r63,Raven Shield,http://media.xfire.com/xfire/xf/images/icons/r63.gif
rfac,Red Faction,http://media.xfire.com/xfire/xf/images/icons/rfac.gif
rf2,Red Faction II,http://media.xfire.com/xfire/xf/images/icons/rf2.gif
utro,Red Orchestra,http://media.xfire.com/xfire/xf/images/icons/utro.gif
ros,Red Orchestra Ostfront 41-45 (Steam),http://media.xfire.com/xfire/xf/images/icons/ros.gif
resdogs,Reservoir Dogs,http://media.xfire.com/xfire/xf/images/icons/resdogs.gif
rtcwmp,Return to Castle Wolfenstein Multiplayer,http://media.xfire.com/xfire/xf/images/icons/rtcwmp.gif
rtcwsp,Return to Castle Wolfenstein Single Player,http://media.xfire.com/xfire/xf/images/icons/rtcwsp.gif
rfo,RF Online,http://media.xfire.com/xfire/xf/images/icons/rfo.gif
rbr,Richard Burns Rally,http://media.xfire.com/xfire/xf/images/icons/rbr.gif
hlr15,Ricochet 1.5,http://media.xfire.com/xfire/xf/images/icons/hlr15.gif
hlr,Ricochet 1.6,http://media.xfire.com/xfire/xf/images/icons/hlr.gif
rfcaw,Rise & Fall,http://media.xfire.com/xfire/xf/images/icons/rfcaw.gif
rol,Rise of Legends,http://media.xfire.com/xfire/xf/images/icons/rol.gif
ron,Rise of Nations,http://media.xfire.com/xfire/xf/images/icons/ron.gif
rontp,Rise of Nations - Thrones & Patriots,http://media.xfire.com/xfire/xf/images/icons/rontp.gif
risk2,Risk II,http://media.xfire.com/xfire/xf/images/icons/risk2.gif
ryl,Risk Your Life,http://media.xfire.com/xfire/xf/images/icons/ryl.gif
riven,Riven,http://media.xfire.com/xfire/xf/images/icons/riven.gif
rosp,Rogue Spear,http://media.xfire.com/xfire/xf/images/icons/rosp.gif
rospuo,Rogue Spear - Urban Operations,http://media.xfire.com/xfire/xf/images/icons/rospuo.gif
swrs,Rogue Squadron,http://media.xfire.com/xfire/xf/images/icons/swrs.gif
roguet,Rogue Trooper,http://media.xfire.com/xfire/xf/images/icons/roguet.gif
rct,Rollercoaster Tycoon,http://media.xfire.com/xfire/xf/images/icons/rct.gif
rct2,RollerCoaster Tycoon 2,http://media.xfire.com/xfire/xf/images/icons/rct2.gif
rct3,RollerCoaster Tycoon 3,http://media.xfire.com/xfire/xf/images/icons/rct3.gif
rct3s,RollerCoaster Tycoon 3 Soaked,http://media.xfire.com/xfire/xf/images/icons/rct3s.gif
rct3w,RollerCoaster Tycoon 3 Wild,http://media.xfire.com/xfire/xf/images/icons/rct3w.gif
rtwbi,Rome - Barbarian Invasion,http://media.xfire.com/xfire/xf/images/icons/rtwbi.gif
rtw,Rome - Total War,http://media.xfire.com/xfire/xf/images/icons/rtw.gif
roe,Rubies of Eventide,http://media.xfire.com/xfire/xf/images/icons/roe.gif
rune,Rune,http://media.xfire.com/xfire/xf/images/icons/rune.gif
rfb,Rush For Berlin,http://media.xfire.com/xfire/xf/images/icons/rfb.gif
sacred,Sacred,http://media.xfire.com/xfire/xf/images/icons/sacred.gif
sacredu,Sacred Underworld,http://media.xfire.com/xfire/xf/images/icons/sacredu.gif
sfice,Sacrifice,http://media.xfire.com/xfire/xf/images/icons/sfice.gif
utsas,SAS Into the Lion's Den,http://media.xfire.com/xfire/xf/images/icons/utsas.gif
sav,Savage: The Battle for Newerth,http://media.xfire.com/xfire/xf/images/icons/sav.gif
savdem,Savage: The Battle for Newerth DEMO 2.0,http://media.xfire.com/xfire/xf/images/icons/savdem.gif
sface,Scarface,http://media.xfire.com/xfire/xf/images/icons/sface.gif
schtcoon,School Tycoon,http://media.xfire.com/xfire/xf/images/icons/schtcoon.gif
scrap,Scrapland,http://media.xfire.com/xfire/xf/images/icons/scrap.gif
sl,Second Life,http://media.xfire.com/xfire/xf/images/icons/sl.gif
ssam,Serious Sam,http://media.xfire.com/xfire/xf/images/icons/ssam.gif
ssse,Serious Sam - The Second Encounter,http://media.xfire.com/xfire/xf/images/icons/ssse.gif
ssam2,Serious Sam 2,http://media.xfire.com/xfire/xf/images/icons/ssam2.gif
ss2d,Serious Sam 2 Demo,http://media.xfire.com/xfire/xf/images/icons/ss2d.gif
sbane,Shadowbane,http://media.xfire.com/xfire/xf/images/icons/sbane.gif
shadowg,Shadowgrounds,http://media.xfire.com/xfire/xf/images/icons/shadowg.gif
shgal,Shattered Galaxy,http://media.xfire.com/xfire/xf/images/icons/shgal.gif
su,Shattered Union,http://media.xfire.com/xfire/xf/images/icons/su.gif
ssn67,ShellShock Nam67,http://media.xfire.com/xfire/xf/images/icons/ssn67.gif
shoto,Shot Online,http://media.xfire.com/xfire/xf/images/icons/shoto.gif
smac,Sid Meier's Alpha Centauri,http://media.xfire.com/xfire/xf/images/icons/smac.gif
smp,Sid Meier's Pirates!,http://media.xfire.com/xfire/xf/images/icons/smp.gif
smrr,Sid Meier's Railroads,http://media.xfire.com/xfire/xf/images/icons/smrr.gif
shill2,Silent Hill 2,http://media.xfire.com/xfire/xf/images/icons/shill2.gif
shill3,Silent Hill 3,http://media.xfire.com/xfire/xf/images/icons/shill3.gif
shill4,Silent Hill 4,http://media.xfire.com/xfire/xf/images/icons/shill4.gif
sh3,Silent Hunter III,http://media.xfire.com/xfire/xf/images/icons/sh3.gif
s2,Silent Storm,http://media.xfire.com/xfire/xf/images/icons/s2.gif
sro,Silkroad Online,http://media.xfire.com/xfire/xf/images/icons/sro.gif
sc3,SimCity 3000,http://media.xfire.com/xfire/xf/images/icons/sc3.gif
sc3u,SimCity 3000 Unlimited,http://media.xfire.com/xfire/xf/images/icons/sc3u.gif
simc4,SimCity 4,http://media.xfire.com/xfire/xf/images/icons/simc4.gif
sins,Sin (Steam),http://media.xfire.com/xfire/xf/images/icons/sins.gif
sine1,Sin Episodes - Emergence,http://media.xfire.com/xfire/xf/images/icons/sine1.gif
sinmps,Sin Multiplayer (Steam),http://media.xfire.com/xfire/xf/images/icons/sinmps.gif
skillground,SkillGround.com,http://media.xfire.com/xfire/xf/images/icons/skillground.gif
snipere,Sniper Elite,http://media.xfire.com/xfire/xf/images/icons/snipere.gif
soldat,Soldat,http://media.xfire.com/xfire/xf/images/icons/soldat.gif
sfront,Soldier Front,http://media.xfire.com/xfire/xf/images/icons/sfront.gif
sof,Soldier of Fortune,http://media.xfire.com/xfire/xf/images/icons/sof.gif
sof2mp,Soldier of Fortune II Multiplayer,http://media.xfire.com/xfire/xf/images/icons/sof2mp.gif
sof2sp,Soldier of Fortune II Single Player,http://media.xfire.com/xfire/xf/images/icons/sof2sp.gif
soldiers,Soldiers - Heroes of World War II,http://media.xfire.com/xfire/xf/images/icons/soldiers.gif
soldner,Soldner - Secret Wars,http://media.xfire.com/xfire/xf/images/icons/soldner.gif
sold,Soldner Beta Demo,http://media.xfire.com/xfire/xf/images/icons/sold.gif
winsol,Solitaire,http://media.xfire.com/xfire/xf/images/icons/winsol.gif
sonich,Sonic Heroes,http://media.xfire.com/xfire/xf/images/icons/sonich.gif
sonicr,Sonic Riders,http://media.xfire.com/xfire/xf/images/icons/sonicr.gif
hl2sdk,Source SDK Base,http://media.xfire.com/xfire/xf/images/icons/hl2sdk.gif
hl2sf,Sourceforts,http://media.xfire.com/xfire/xf/images/icons/hl2sf.gif
se4dlx,Space Empires IV Deluxe,http://media.xfire.com/xfire/xf/images/icons/se4dlx.gif
se5,Space Empires V,http://media.xfire.com/xfire/xf/images/icons/se5.gif
srangers2,Space Rangers 2,http://media.xfire.com/xfire/xf/images/icons/srangers2.gif
spacecow,SpaceCowboy,http://media.xfire.com/xfire/xf/images/icons/spacecow.gif
spartan,Spartan,http://media.xfire.com/xfire/xf/images/icons/spartan.gif
sforce,SpellForce - The Order of Dawn,http://media.xfire.com/xfire/xf/images/icons/sforce.gif
sforce2,SpellForce2 - Shadow Wars,http://media.xfire.com/xfire/xf/images/icons/sforce2.gif
winspdr,Spider Solitaire,http://media.xfire.com/xfire/xf/images/icons/winspdr.gif
spcell,Splinter Cell,http://media.xfire.com/xfire/xf/images/icons/spcell.gif
scctmp,Splinter Cell Chaos Theory Multiplayer,http://media.xfire.com/xfire/xf/images/icons/scctmp.gif
scctsp,Splinter Cell Chaos Theory Single Player,http://media.xfire.com/xfire/xf/images/icons/scctsp.gif
scctspd,Splinter Cell Chaos Theory Single Player Demo,http://media.xfire.com/xfire/xf/images/icons/scctspd.gif
scctvb,Splinter Cell Chaos Theory Versus Beta,http://media.xfire.com/xfire/xf/images/icons/scctvb.gif
scdamp,Splinter Cell Double Agent Multiplayer,http://media.xfire.com/xfire/xf/images/icons/scdamp.gif
scdasp,Splinter Cell Double Agent Single Player,http://media.xfire.com/xfire/xf/images/icons/scdasp.gif
scptmp,Splinter Cell Pandora Tomorrow Multiplayer,http://media.xfire.com/xfire/xf/images/icons/scptmp.gif
scptsp,Splinter Cell Pandora Tomorrow Single Player,http://media.xfire.com/xfire/xf/images/icons/scptsp.gif
scrtk,Sprint Cars: Road to Knoxville,http://media.xfire.com/xfire/xf/images/icons/scrtk.gif
stacked,Stacked,http://media.xfire.com/xfire/xf/images/icons/stacked.gif
starm,Star Trek Armada,http://media.xfire.com/xfire/xf/images/icons/starm.gif
starm2,Star Trek Armada II,http://media.xfire.com/xfire/xf/images/icons/starm2.gif
stat,Star Trek Away Team,http://media.xfire.com/xfire/xf/images/icons/stat.gif
stbc,Star Trek Bridge Commander,http://media.xfire.com/xfire/xf/images/icons/stbc.gif
stet2,Star Trek Elite Force II,http://media.xfire.com/xfire/xf/images/icons/stet2.gif
stlegacy,Star Trek Legacy,http://media.xfire.com/xfire/xf/images/icons/stlegacy.gif
stvefmp,Star Trek Voyager: Elite Force Multiplayer,http://media.xfire.com/xfire/xf/images/icons/stvefmp.gif
stvefsp,Star Trek Voyager: Elite Force Single Player,http://media.xfire.com/xfire/xf/images/icons/stvefsp.gif
swbf,Star Wars Battlefront,http://media.xfire.com/xfire/xf/images/icons/swbf.gif
swbf2,Star Wars Battlefront II,http://media.xfire.com/xfire/xf/images/icons/swbf2.gif
sweaw,Star Wars Empire at War,http://media.xfire.com/xfire/xf/images/icons/sweaw.gif
sweawdem,Star Wars Empire at War Demo,http://media.xfire.com/xfire/xf/images/icons/sweawdem.gif
sweawfoc,Star Wars Empire at War Forces of Corruption,http://media.xfire.com/xfire/xf/images/icons/sweawfoc.gif
swgb,Star Wars Galactic Battlegrounds,http://media.xfire.com/xfire/xf/images/icons/swgb.gif
swgbcc,Star Wars Galactic Battlegrounds - Clone Campaigns,http://media.xfire.com/xfire/xf/images/icons/swgbcc.gif
swgjtlb,Star Wars Galaxies - The Jump to Lightspeed Beta,http://media.xfire.com/xfire/xf/images/icons/swgjtlb.gif
swgaed,Star Wars Galaxies: An Empire Divided,http://media.xfire.com/xfire/xf/images/icons/swgaed.gif
swkotor,Star Wars Knights of the Old Republic,http://media.xfire.com/xfire/xf/images/icons/swkotor.gif
swkotor2,Star Wars Knights of the Old Republic II: The Sith Lords,http://media.xfire.com/xfire/xf/images/icons/swkotor2.gif
swrc,Star Wars Republic Commando,http://media.xfire.com/xfire/xf/images/icons/swrc.gif
swrcd,Star Wars Republic Commando Demo,http://media.xfire.com/xfire/xf/images/icons/swrcd.gif
swsf,Star Wars Starfighter,http://media.xfire.com/xfire/xf/images/icons/swsf.gif
sc,StarCraft,http://media.xfire.com/xfire/xf/images/icons/sc.gif
scbw,StarCraft Brood War,http://media.xfire.com/xfire/xf/images/icons/scbw.gif
sc2,StarCraft 2,http://media.xfire.com/xfire/xf/images/icons/sc2b.gif
tribes,Starsiege Tribes,http://media.xfire.com/xfire/xf/images/icons/tribes.gif
smania,Stepmania CVS,http://media.xfire.com/xfire/xf/images/icons/smania.gif
slife,StillLife,http://media.xfire.com/xfire/xf/images/icons/slife.gif
shold,Stronghold,http://media.xfire.com/xfire/xf/images/icons/shold.gif
shold2,Stronghold 2,http://media.xfire.com/xfire/xf/images/icons/shold2.gif
sholdc,Stronghold Crusader,http://media.xfire.com/xfire/xf/images/icons/sholdc.gif
sholdleg,Stronghold Legends,http://media.xfire.com/xfire/xf/images/icons/sholdleg.gif
stz,Stubbs the Zombie,http://media.xfire.com/xfire/xf/images/icons/stz.gif
ss2,Sudden Strike II,http://media.xfire.com/xfire/xf/images/icons/ss2.gif
spower2,Superpower 2,http://media.xfire.com/xfire/xf/images/icons/spower2.gif
supcomb,Supreme Commander,http://media.xfire.com/xfire/xf/images/icons/supcomb.gif
hlsc,Sven Co-op,http://media.xfire.com/xfire/xf/images/icons/hlsc.gif
swat4,SWAT 4,http://media.xfire.com/xfire/xf/images/icons/swat4.gif
swat4tss,SWAT 4 - The Stetchkov Syndicate,http://media.xfire.com/xfire/xf/images/icons/swat4tss.gif
swat4mpd,SWAT 4 MP Beta,http://media.xfire.com/xfire/xf/images/icons/swat4mpd.gif
sots,Sword of the Stars,http://media.xfire.com/xfire/xf/images/icons/sots.gif
sotsd,Sword of the Stars Demo,http://media.xfire.com/xfire/xf/images/icons/sotsd.gif
sshock2,System Shock 2,http://media.xfire.com/xfire/xf/images/icons/sshock2.gif
tacops,Tactical Ops,http://media.xfire.com/xfire/xf/images/icons/tacops.gif
tocurl,Take-Out Weight Curling,http://media.xfire.com/xfire/xf/images/icons/tocurl.gif
tocurl2,Take-Out Weight Curling 2,http://media.xfire.com/xfire/xf/images/icons/tocurl2.gif
hltfc15,Team Fortress Classic 1.5,http://media.xfire.com/xfire/xf/images/icons/hltfc15.gif
hltfc,Team Fortress Classic 1.6,http://media.xfire.com/xfire/xf/images/icons/hltfc.gif
tspeak,TeamSpeak,http://media.xfire.com/xfire/xf/images/icons/tspeak.gif
btale,The Bard's Tale,http://media.xfire.com/xfire/xf/images/icons/btale.gif
riddick,The Chronicles of Riddick: Escape from Butcher Bay,http://media.xfire.com/xfire/xf/images/icons/riddick.gif
comi,The Curse of Monkey Island,http://media.xfire.com/xfire/xf/images/icons/comi.gif
tdvc,The Da Vinci Code,http://media.xfire.com/xfire/xf/images/icons/tdvc.gif
godfthr,The Godfather,http://media.xfire.com/xfire/xf/images/icons/godfthr.gif
guild2,The Guild 2,http://media.xfire.com/xfire/xf/images/icons/guild2.gif
tlj,The Longest Journey,http://media.xfire.com/xfire/xf/images/icons/tlj.gif
bfme,The Lord of the Rings - The Battle for Middle-Earth,http://media.xfire.com/xfire/xf/images/icons/bfme.gif
bfme2wk,"The Lord of the Rings, The Rise of the Witch-king",http://media.xfire.com/xfire/xf/images/icons/bfme2wk.gif
mtpon,The Matrix - The Path of Neo,http://media.xfire.com/xfire/xf/images/icons/mtpon.gif
tmo,The Matrix Online,http://media.xfire.com/xfire/xf/images/icons/tmo.gif
movies,The Movies,http://media.xfire.com/xfire/xf/images/icons/movies.gif
moviesse,The Movies Stunts & Effects,http://media.xfire.com/xfire/xf/images/icons/moviesse.gif
pun,The Punisher,http://media.xfire.com/xfire/xf/images/icons/pun.gif
ryzom,The Saga of Ryzom,http://media.xfire.com/xfire/xf/images/icons/ryzom.gif
s210th,The Settlers II - 10th Anniversary,http://media.xfire.com/xfire/xf/images/icons/s210th.gif
settlers4,The Settlers IV,http://media.xfire.com/xfire/xf/images/icons/settlers4.gif
hoks,The Settlers: Heritage of Kings,http://media.xfire.com/xfire/xf/images/icons/hoks.gif
hoksdem,The Settlers: Heritage of Kings Demo,http://media.xfire.com/xfire/xf/images/icons/hoksdem.gif
ship,The Ship,http://media.xfire.com/xfire/xf/images/icons/ship.gif
tshr,The Simpsons Hit & Run,http://media.xfire.com/xfire/xf/images/icons/tshr.gif
sims,The Sims,http://media.xfire.com/xfire/xf/images/icons/sims.gif
sims2,The Sims 2,http://media.xfire.com/xfire/xf/images/icons/sims2.gif
sims2ffs,The Sims 2 Family Fun Stuff,http://media.xfire.com/xfire/xf/images/icons/sims2ffs.gif
sims2gls,The Sims 2 Glamour Life Stuff,http://media.xfire.com/xfire/xf/images/icons/sims2gls.gif
sims2n,The Sims 2 Nightlife,http://media.xfire.com/xfire/xf/images/icons/sims2n.gif
sims2ofb,The Sims 2 Open for Business,http://media.xfire.com/xfire/xf/images/icons/sims2ofb.gif
sims2p,The Sims 2 Pets,http://media.xfire.com/xfire/xf/images/icons/sims2p.gif
sims2s,The Sims 2 Seasons,http://media.xfire.com/xfire/xf/images/icons/sims2s.gif
sims2u,The Sims 2 University,http://media.xfire.com/xfire/xf/images/icons/sims2u.gif
simsls,The Sims Life Stories,http://media.xfire.com/xfire/xf/images/icons/simsls.gif
tso,The Sims Online,http://media.xfire.com/xfire/xf/images/icons/tso.gif
csts,The Specialists,http://media.xfire.com/xfire/xf/images/icons/csts.gif
tsttb,The Suffering Ties That Bind,http://media.xfire.com/xfire/xf/images/icons/tsttb.gif
toee,The Temple of Elemental Evil,http://media.xfire.com/xfire/xf/images/icons/toee.gif
woool,The World of Legend,http://media.xfire.com/xfire/xf/images/icons/woool.gif
there,There,http://media.xfire.com/xfire/xf/images/icons/there.gif
thief,Thief,http://media.xfire.com/xfire/xf/images/icons/thief.gif
thiefds,Thief - Deadly Shadows,http://media.xfire.com/xfire/xf/images/icons/thiefds.gif
thief2,Thief 2 The Metal Age,http://media.xfire.com/xfire/xf/images/icons/thief2.gif
tw06,Tiger Woods PGA Tour 06,http://media.xfire.com/xfire/xf/images/icons/tw06.gif
tw07,Tiger Woods PGA Tour 07,http://media.xfire.com/xfire/xf/images/icons/tw07.gif
tw2k4,Tiger Woods PGA Tour 2004,http://media.xfire.com/xfire/xf/images/icons/tw2k4.gif
tw2k5,Tiger Woods PGA Tour 2005,http://media.xfire.com/xfire/xf/images/icons/tw2k5.gif
tquest,Titan Quest,http://media.xfire.com/xfire/xf/images/icons/tquest.gif
tquestd,Titan Quest Demo,http://media.xfire.com/xfire/xf/images/icons/tquestd.gif
tquestit,Titan Quest Immortal Throne,http://media.xfire.com/xfire/xf/images/icons/tquestit.gif
tmntd,TMNT Demo,http://media.xfire.com/xfire/xf/images/icons/tmntd.gif
toca2,Toca Race Driver 2,http://media.xfire.com/xfire/xf/images/icons/toca2.gif
toca3,Toca Race Driver 3,http://media.xfire.com/xfire/xf/images/icons/toca3.gif
tcrsixv,Tom Clancy's Rainbow Six Vegas,http://media.xfire.com/xfire/xf/images/icons/tcrsixv.gif
traidrl,Tomb Raider - Legend,http://media.xfire.com/xfire/xf/images/icons/traidrl.gif
thaw,Tony Hawk's American Wasteland,http://media.xfire.com/xfire/xf/images/icons/thaw.gif
thps3,Tony Hawk's Pro Skater 3,http://media.xfire.com/xfire/xf/images/icons/thps3.gif
thps4,Tony Hawk's Pro Skater 4,http://media.xfire.com/xfire/xf/images/icons/thps4.gif
thug2,Tony Hawk's Underground 2,http://media.xfire.com/xfire/xf/images/icons/thug2.gif
tto,Toontown Online,http://media.xfire.com/xfire/xf/images/icons/tto.gif
ta,Total Annihilation,http://media.xfire.com/xfire/xf/images/icons/ta.gif
tak,Total Annihilation Kingdoms,http://media.xfire.com/xfire/xf/images/icons/tak.gif
tcm05,Total Club Manager 2005,http://media.xfire.com/xfire/xf/images/icons/tcm05.gif
tod,Total Overdose,http://media.xfire.com/xfire/xf/images/icons/tod.gif
tmania,Trackmania,http://media.xfire.com/xfire/xf/images/icons/tmania.gif
tmanian,Trackmania Nations,http://media.xfire.com/xfire/xf/images/icons/tmanian.gif
tms,Trackmania Sunrise,http://media.xfire.com/xfire/xf/images/icons/tms.gif
tmaniau,Trackmania United,http://media.xfire.com/xfire/xf/images/icons/tmaniau.gif
trs2006,Trainz Railroad Simulator 2006,http://media.xfire.com/xfire/xf/images/icons/trs2006.gif
tribes2,Tribes 2,http://media.xfire.com/xfire/xf/images/icons/tribes2.gif
tribesv,Tribes Vengeance,http://media.xfire.com/xfire/xf/images/icons/tribesv.gif
tvmpd,Tribes Vengeance Multiplayer Demo,http://media.xfire.com/xfire/xf/images/icons/tvmpd.gif
trickstero,Trickster Online,http://media.xfire.com/xfire/xf/images/icons/trickstero.gif
tron2,Tron 2.0,http://media.xfire.com/xfire/xf/images/icons/tron2.gif
uttr,Troopers - Dawn of Destiny,http://media.xfire.com/xfire/xf/images/icons/uttr.gif
trop,Tropico,http://media.xfire.com/xfire/xf/images/icons/trop.gif
trop2,Tropico 2 Pirate Cove,http://media.xfire.com/xfire/xf/images/icons/trop2.gif
tcrimenyc,True Crime - New York City,http://media.xfire.com/xfire/xf/images/icons/tcrimenyc.gif
tcrime,True Crime - Streets of LA,http://media.xfire.com/xfire/xf/images/icons/tcrime.gif
truep,TruePoker.com,http://media.xfire.com/xfire/xf/images/icons/truep.gif
tcny,Tycoon City - New York,http://media.xfire.com/xfire/xf/images/icons/tcny.gif
ubers,UberSoldier,http://media.xfire.com/xfire/xf/images/icons/ubers.gif
ufoa,UFO Aftershock,http://media.xfire.com/xfire/xf/images/icons/ufoa.gif
uo,Ultima Online,http://media.xfire.com/xfire/xf/images/icons/uo.gif
ubpoker,Ultimate Bet.com,http://media.xfire.com/xfire/xf/images/icons/ubpoker.gif
uspidermn,Ultimate Spider-Man,http://media.xfire.com/xfire/xf/images/icons/uspidermn.gif
ucawamp,Universal Combat AWA Multiplayer,http://media.xfire.com/xfire/xf/images/icons/ucawamp.gif
ucawasp,Universal Combat AWA Single Player,http://media.xfire.com/xfire/xf/images/icons/ucawasp.gif
ucgmp,Universal Combat Gold Multiplayer,http://media.xfire.com/xfire/xf/images/icons/ucgmp.gif
ucgsp,Universal Combat Gold Single Player,http://media.xfire.com/xfire/xf/images/icons/ucgsp.gif
ucmp,Universal Combat Multiplayer,http://media.xfire.com/xfire/xf/images/icons/ucmp.gif
ucsp,Universal Combat Single Player,http://media.xfire.com/xfire/xf/images/icons/ucsp.gif
unreal,Unreal,http://media.xfire.com/xfire/xf/images/icons/unreal.gif
u2sp,Unreal II SP,http://media.xfire.com/xfire/xf/images/icons/u2sp.gif
u2xmp,Unreal II XMP,http://media.xfire.com/xfire/xf/images/icons/u2xmp.gif
ut,Unreal Tournament,http://media.xfire.com/xfire/xf/images/icons/ut.gif
ut2k3,Unreal Tournament 2003,http://media.xfire.com/xfire/xf/images/icons/ut2k3.gif
ut2k4,Unreal Tournament 2004,http://media.xfire.com/xfire/xf/images/icons/ut2k4.gif
ut2k4dem,Unreal Tournament 2004 Demo,http://media.xfire.com/xfire/xf/images/icons/ut2k4dem.gif
uldk,Untold Legends: Dark Kingdom,http://media.xfire.com/xfire/xf/images/icons/uldk.gif
vampmb,Vampire - The Masquerade Bloodlines,http://media.xfire.com/xfire/xf/images/icons/vampmb.gif
vanguardb,Vanguard - Saga of Heroes,http://media.xfire.com/xfire/xf/images/icons/vanguardb.gif
vntrl,Ventrilo,http://media.xfire.com/xfire/xf/images/icons/vntrl.gif
vcong,Vietcong,http://media.xfire.com/xfire/xf/images/icons/vcong.gif
vcong2,Vietcong 2,http://media.xfire.com/xfire/xf/images/icons/vcong2.gif
vcongfa,Vietcong Fist Alpha,http://media.xfire.com/xfire/xf/images/icons/vcongfa.gif
warf,War Front - Turning Point,http://media.xfire.com/xfire/xf/images/icons/warf.gif
wc2,Warcraft II,http://media.xfire.com/xfire/xf/images/icons/wc2.gif
w3,Warcraft III,http://media.xfire.com/xfire/xf/images/icons/w3.gif
w3ft,Warcraft III - The Frozen Throne,http://media.xfire.com/xfire/xf/images/icons/w3ft.gif
wh40kb,"Warhammer 40,000 Dawn of War Beta",http://media.xfire.com/xfire/xf/images/icons/wh40kb.gif
whmoc,Warhammer Mark of Chaos,http://media.xfire.com/xfire/xf/images/icons/whmoc.gif
whmocmpd,Warhammer Mark of Chaos MP Demo,http://media.xfire.com/xfire/xf/images/icons/whmocmpd.gif
wbc3,Warlords Battlecry III,http://media.xfire.com/xfire/xf/images/icons/wbc3.gif
wl4,Warlords IV: Heroes of Etheria,http://media.xfire.com/xfire/xf/images/icons/wl4.gif
wrock,WarRock,http://media.xfire.com/xfire/xf/images/icons/wrock.gif
warsow,Warsow,http://media.xfire.com/xfire/xf/images/icons/warsow.gif
we7,Winning Eleven 7 INTERNATIONAL,http://media.xfire.com/xfire/xf/images/icons/we7.gif
we8,Winning Eleven 8I,http://media.xfire.com/xfire/xf/images/icons/we8.gif
we9,Winning Eleven 9,http://media.xfire.com/xfire/xf/images/icons/we9.gif
wet,Wolfenstein: Enemy Territory,http://media.xfire.com/xfire/xf/images/icons/wet.gif
wow,World of Warcraft,http://media.xfire.com/xfire/xf/images/icons/wow.gif
worms3d,Worms 3D,http://media.xfire.com/xfire/xf/images/icons/worms3d.gif
worms4m,Worms 4 Mayhem,http://media.xfire.com/xfire/xf/images/icons/worms4m.gif
wormsa,Worms Armageddon,http://media.xfire.com/xfire/xf/images/icons/wormsa.gif
wormswp,Worms World Party,http://media.xfire.com/xfire/xf/images/icons/wormswp.gif
wptpoker,WPTOnline.com,http://media.xfire.com/xfire/xf/images/icons/wptpoker.gif
wulf2,Wulfram 2,http://media.xfire.com/xfire/xf/images/icons/wulf2.gif
ww2o,WWII Online,http://media.xfire.com/xfire/xf/images/icons/ww2o.gif
x2,X2 - The Threat,http://media.xfire.com/xfire/xf/images/icons/x2.gif
x3,X3 - The Reunion,http://media.xfire.com/xfire/xf/images/icons/x3.gif
xe,XEvil,http://media.xfire.com/xfire/xf/images/icons/xe.gif
xiii,XIII,http://media.xfire.com/xfire/xf/images/icons/xiii.gif
xmenl2,X-Men Legends 2,http://media.xfire.com/xfire/xf/images/icons/xmenl2.gif
xrally,Xpand Rally,http://media.xfire.com/xfire/xf/images/icons/xrally.gif
xwinga,X-Wing Alliance,http://media.xfire.com/xfire/xf/images/icons/xwinga.gif
xwvstf,X-Wing vs. TIE Fighter,http://media.xfire.com/xfire/xf/images/icons/xwvstf.gif
zt,Zoo Tycoon,http://media.xfire.com/xfire/xf/images/icons/zt.gif
zt2,Zoo Tycoon 2,http://media.xfire.com/xfire/xf/images/icons/zt2.gif
zt2aa,Zoo Tycoon 2 African Adventure,http://media.xfire.com/xfire/xf/images/icons/zt2aa.gif
zt2es,Zoo Tycoon 2 Endangered Species,http://media.xfire.com/xfire/xf/images/icons/zt2es.gif
zt2mm,Zoo Tycoon 2 Marine Mania,http://media.xfire.com/xfire/xf/images/icons/zt2mm.gif
tennis,Tennis,tennis.gif
football,Soccer,football.gif
rugby,Football,rugby.gif
rugby,Rugby,rugby.gif
basketball,Basketball,basketball.gif
baseball,Baseball,baseball.gif
ping-pong,Table Tennis,ping-pong.gif
paint-ball,Paint Ball,paint-ball.gif
chess,Chess,chess.gif
poker,Poker,cards.gif